group,method,estimate,SE
Baseline,Benchmark,0.063,0.005999999999999997
Baseline,Observational,0.117,0.009999999999999997
Manual,Manual-Lasso,154.39989345504762,573.2489445919392
Manual,Manual-RF,0.0561605470138202,0.005818755125774389
Manual,Manual-NN,0.21011996472528946,0.7122795610906191
Auto,Auto-Lasso,0.0302,0.005846632503651954
Auto,Auto-RF,0.0589,0.011037459903744181
Auto,Auto-NN,0.0728,0.016517188230514707
